[   {
        "url": "/img/duke.jpg",
        "desc": "Duke University, NC"
    },
    {
        "url": "/img/deer.jpg",
        "desc": "Raleigh, NC"
    },
    {
        "url": "/img/nc-comp.jpg",
        "desc": "Raleigh, NC"
    },
    {
        "url": "/img/italy-sanmarco-it.jpg",
        "desc": "Piazza San Marco"
    },
    {
        "url": "/img/italy-citroen-it.jpg",
        "desc": "Citroen AMI"
    },
    {
        "url": "/img/italy-fiat-it.jpg",
        "desc": "Vintage Fiat 500"
    },
    {
        "url": "/img/italy-buranelli-lt.jpg",
        "desc": "Treviso, Italy"
    },
    {
        "url": "/img/peru-sancristobal-lt.jpg",
        "desc": "Cerro San Cristobal, Lima"
    },
    {
        "url": "/img/peru-cathedral-lt.jpg",
        "desc": "Cathedral, Lima"
    },
    {
        "url": "/img/peru-bike-lt.jpg",
        "desc": "Miraflores, Lima"
    },
    {
        "url": "/img/et.jpg",
        "desc": "Eiffel Tower"
    },
    {
        "url": "/img/jdl.jpg",
        "desc": "Jardins de Luxembourg"
    },
    {
        "url": "/img/iconBR.jpg",
        "desc": "Icon BR Sighting"
    },
    {
        "url": "/img/mcc.jpg",
        "desc": "Miami City Center"
    },    
    {
        "url": "/img/ipod.jpg",
        "desc": "Reviving Old iPod Shuffle"
    },
    {
        "url": "/img/UMBike.jpg",
        "desc": "University of Miami"
    },
    {
        "url": "/img/shanghai.jpg",
        "desc": "Shanghai"
    },
    {
        "url": "/img/xialongbao.jpg",
        "desc": "Xia Long Bao"
    },
    {
        "url": "/img/ire3.jpg",
        "desc": "Clomacnoise, Ireland"
    },
    {
        "url": "/img/ire2.jpg",
        "desc": "Kinvara, Ireland"
    },
    {
        "url": "/img/ire1.jpg",
        "desc": "Cliffs of Moher"
    },
    {
        "url": "/img/aeroflot.jpg",
        "desc": "Moscow"
    },
    {
        "url": "/img/stbasil.jpg",
        "desc": "Moscow"
    },
    {
        "url": "/img/cs50.jpg",
        "desc": "CS50 Lecture 0"
    },
    {
        "url": "/img/li4.jpg",
        "desc": "Lima, Peru"
    },
    {
        "url": "/img/li3.jpg",
        "desc": "Callao, Peru"
    },
    {
        "url": "/img/li2.jpg",
        "desc": "La Punta, Peru"
    },
    {
        "url": "/img/iq3.jpg",
        "desc": "Iquitos, Peru"
    },
    {
        "url": "/img/wc18.jpg",
        "desc": "Wordcamp Miami 2018"
    },
    {
        "url": "/img/river.jpg",
        "desc": "River Plate in Miami"
    },
    {
        "url": "/img/jersey.jpg",
        "desc": "ReactJS Project"
    },
    {
        "url": "/img/pamm.jpg",
        "desc": "PAMM Museum Miami"
    },
    {
        "url": "/img/ftl.jpg",
        "desc": "Fort Lauderdale Beach, FL"
    },
    {
        "url": "/img/sfo.jpg",
        "desc": "San Francisco from Twin Peaks"
    },
    {
        "url": "/img/monterey.jpg",
        "desc": "Monterey Wine Region, CA"
    },
    {
        "url": "/img/or1.jpg",
        "desc": "Oregon Coast"
    },
    {
        "url": "/img/or2.jpg",
        "desc": "Oregon Coast"
    },    
    {
        "url": "/img/wfh.jpg",
        "desc": "Working from Home"
    },
    {
        "url": "/img/fcb.jpg",
        "desc": "Camp Nou, Barcelona"
    },
    {
        "url": "/img/wdev.jpg",
        "desc": "WebDev Class"
    },
    {
        "url": "/img/nashville.jpg",
        "desc": "Nashville, TN"
    },
    {
        "url": "/img/md1.jpg",
        "desc": "Annapolis, MD"
    },
    {
        "url": "/img/cp1.jpg",
        "desc": "Cape Town, S.A."
    },
    {
        "url": "/img/cp2.jpg",
        "desc": "Cape Town, S.A."
    },
    {
        "url": "/img/sfl.jpg",
        "desc": "Sanibel,FL"
    },
    {
        "url": "/img/monu.jpg",
        "desc": "Monumental, Buenos Aires"
    },
    {
        "url": "/img/ct.jpg",
        "desc": "Manarola, Cinque Terre"
    },
    {
        "url": "/img/vernazza.jpg",
        "desc": "Vernazza, Cinque Terre"
    },    
    {
        "url": "/img/bky.jpg",
        "desc": "Brooklyn, NY"
    },
    {
        "url": "/img/nyc.jpg",
        "desc": "New York, NY"
    },
    {
        "url": "/img/ferrari.jpg",
        "desc": "Ferrari"
    },
    {
        "url": "/img/lim.jpg",
        "desc": "Lima, Peru"
    },
    {
        "url": "/img/bogota.jpg",
        "desc": "Bogota, Colombia"
    },
    {
        "url": "/img/dubai.jpg",
        "desc": "Dubai, UAE"
    },
    {
        "url": "/img/rus2.jpg",
        "desc": "Russian Matchbox"
    },
    {
        "url": "/img/sunny.jpg",
        "desc": "Sunny Isles, FL"
    }
]
